{
	"class_name" : "PinholeCameraParameters",
	"extrinsic" : 
	[
		0.83650063272793085,
		-0.17578131468663666,
		0.51900637843171926,
		0.0,
		-0.054149239186637943,
		-0.969031890378524,
		-0.24092541444383331,
		0.0,
		0.54528391810256027,
		0.17343046109741567,
		-0.82011421388868655,
		0.0,
		1.6731220597567105,
		0.40385085442995577,
		1.9504762252174963,
		1.0
	],
	"intrinsic" : 
	{
		"height" : 1046,
		"intrinsic_matrix" : 
		[
			905.86257235852293,
			0.0,
			0.0,
			0.0,
			905.86257235852293,
			0.0,
			959.5,
			522.5,
			1.0
		],
		"width" : 1920
	},
	"version_major" : 1,
	"version_minor" : 0
}